SL NO,CROCKERY,CUTLERY,LINEN,GUEST AMENITIES,KITCHEN UTENSILS,HOUSE KEEPING,CLEANING CHEMICALS ,ENGINEERING EQUIPMENTS,Unnamed: 9
1.0,ARCOROC,SHAPES,BATH TOWELS,ROOM AMENITIES,ANCHOR UTENSILS,CAMBRO NILKAMAL,DIVERSEY ,KITCHEN EQUIPMENTS ,
2.0,ARIANE,SUPREME ,FACE TOWEL,Hygiene /disposable Bag,BAKERS,CONTA,SAC,SERMAN ,
3.0,BHARAT - CROCKERY,VENUS,HAND TOWEL,Shoe mitt,CAMBRO NILKAMAL,DABUR,,,
4.0,BOROSIL ,FNS,POOL TOWEL,Hanger,GODREJ - CARTINI,FAMILY PLASTIC,,,
5.0,CELLO,,BATH MAT,Laundry Paper Bag,HEM,FRESH N FINE,,,
6.0,CLAY CRAFT,,BED COVERS,Bath Slipper,INDIGO ,GALA,,,
7.0,DINEWELLL,,BED SHEETS,Pencil & Pen,KENFORD,HIT,,,
8.0,JCPL,,CARPETS,Glass Cover,KMW,KIMBERLY,,,
9.0,OCEAN,,CURTAINS,Glass Coaster,MILTON,PREMIER,,,
10.0,SERVEWELL,,CUSHIONS,LIQUID AMENITIES & SOAP,MOSAIC,ROOTS,,,
11.0,SUPERWARE,,DUVETS,Bath Gel,POLYGAURD,,,,
12.0,UNION,,MATTRESS PROTECTOR,Body lotion,PRADEEP,,,,
13.0,V 4,,PILLOW COVER,Foam Bath,PRESTIGE,,,,
14.0,,,PILLOWS,Moisturizer,RENA,,,,
15.0,,,RUGS,Shampoo,RUDRA,,,,
16.0,,,THROWS,Shower Gel,SUJATHA,,,,
17.0,,,Base: www.cintracottons.com,soap,VENUS,,,,
18.0,,,,BATH AMENITIES,ZANUFF CORVUS,,,,
,,,,Toilet Roll,,,,,0.0
,,,,WC Band,,,,,
,,,,HOUSE KEEPING,,,,,
,,,,Bill folder,,,,,
,,,,D N D Card,,,,,
,,,,Doli paper,,,,,
,,,,Food Container,,,,,
,,,,Luggage Tag,,,,,
,,,,Menu Folder,,,,,
,,,,Room freshner,,,,,
,,,,Shoe Shine,,,,,
,,,,Stirrer,,,,,
,,,,Straw,,,,,
,,,,Tooth Pick,,,,,
,,,,DENTAL KIT,,,,,
,,,,MEDICAL KIT,,,,,
,,,,SHAVING KIT,,,,,
,,,,SEWING KIT,,,,,
,,,,CUSTOMISED HOTEL ROOM KITS,,,,,
,,,,CUSTOMISED GUEST KITS,,,,,
,,,,,,,,,
,,,,Base: www.victolgold.com,,,,,
